{
  "minecraft": {
    "block_inventory.detailed_amount": 54,
    "furnace": true,
    "harvest_tool.show_unbreakable": true,
    "chicken_egg": true,
    "block_inventory.items_per_line": 9,
    "jukebox": true,
    "brewing_stand": true,
    "animal_owner": true,
    "block_inventory.normal_amount": 9,
    "energy_storage.detailed": false,
    "harvest_tool.effective_tool": true,
    "note_block": true,
    "beehive": true,
    "block_inventory.show_name_amount": 5,
    "block_inventory": true,
    "player_head": true,
    "block_states": false,
    "lectern": true,
    "entity_armor": true,
    "harvest_tool": true,
    "armor_stand": true,
    "fluid": true,
    "horse_stats": true,
    "item_tooltip": true,
    "entity_health": true,
    "energy_storage": true,
    "entity_armor.max_for_render": 40,
    "enchantment_power": true,
    "breaking_progress": true,
    "tnt_stability": true,
    "villager_profession": true,
    "mob_breeding": true,
    "entity_health.icons_per_line": 10,
    "item_frame": true,
    "crop_progress": true,
    "fluid.detailed": false,
    "total_enchantment_power": true,
    "potion_effects": true,
    "command_block": true,
    "mob_growth": true,
    "painting": true,
    "harvest_tool.new_line": false,
    "entity_health.max_for_render": 40,
    "mob_spawner": true,
    "redstone": true
  },
  "jadeaddons": {
    "equipment_requirement": ""
  },
  "mekanism": {
    "infuse_type": true,
    "gas": true,
    "remove_builtin": true,
    "pigment": true,
    "fluid": true,
    "slurry": true,
    "energy": true,
    "tooltip_renderer": true
  },
  "secretroomsmod": {
    "jadeaddons": true
  },
  "jade": {
    "coordinates.rel": false,
    "distance": false,
    "block_face": false,
    "coordinates": false,
    "registry_name": "OFF",
    "mod_name": true
  },
  "dynamictrees": {
    "rooty_water": true,
    "pod": true,
    "fruit": true,
    "rooty": true,
    "branch": true
  },
  "create": {
    "filter": true,
    "backtank_capacity": true,
    "goggles.requires_goggles": true,
    "goggles": false,
    "blaze_burner": true,
    "exact_block": true,
    "crafting_blueprint": true,
    "goggles.detailed": false,
    "placard": true
  },
  "waystones": {
    "waystone": true
  },
  "lootr": {
    "info": true
  },
  "camera": {
    "image_frame": true
  },
  "corpse": {
    "corpse": true
  },
  "ae2": {
    "part_icon": true,
    "charger": true,
    "debug": true,
    "part_tooltip": true,
    "grid_node_state": true,
    "pattern_provider": true,
    "part_mod_name": true,
    "power_storage": true,
    "crafting_monitor": true,
    "part_name": true
  }
}